NOMBRE,num_arboles,Temp_media,Temp_max,Temp_min
U.P.B,8,38.236098122595074,43.35808426451429,34.34996686941663
Cerro Nutibara,213,35.35539136067788,45.37322997145935,29.804594619114958
Mirador del Doce,0,40.93097673402525,43.168012633127574,35.65104351648355
El Nogal-Los Almendros,6,38.75081324102823,41.697966789117295,35.24459646071121
El Triunfo,0,36.941627130761994,42.533003903316924,30.275538443553433
Enciso,4,37.662225676243914,39.99965660131413,31.789572627580267
La Esperanza,2,40.11620444430476,43.085682923522874,35.80203083518429
Las Estancias,1,35.000279333576756,40.001588554331285,24.4350338072752
Pablo VI,0,38.888899812800645,40.408481555704846,36.63825697453212
Ecoparque Cerro El Volador,13,31.31485910372493,38.13594406130904,27.289674975354977
Versalles No.1,0,33.43278916885531,37.56706673634852,26.076277873737286
Altos del Poblado,2,28.972529987347194,35.763392317259274,22.462390481328146
Universidad Nacional,16,35.48061995081138,38.93427471413681,31.5904358040294
El Diamante,9,39.26839887033497,42.54608152849314,33.592355174172916
Palenque,6,35.90337701692347,40.51087361774204,30.16512144367699
Barrio Colombia,5,42.045449060747316,47.44350980102796,35.25470189770552
Rosales,22,39.43273328377948,44.35733491485524,34.99790446658078
Campo Amor,47,42.23604940721448,48.64486953486032,33.819282083057935
La Aguacatala,17,36.60777813202419,40.38232635430327,31.640814368719877
El Pinal,2,36.6370271964425,40.21662653533586,28.34866678559062
Fuente Clara,0,36.080214311529794,39.81686687806472,31.342109151247893
Santo Domingo Savio No.2,1,30.34921523257797,36.35158896405615,22.96454217378377
Las Granjas,36,34.40173963424551,38.54179688076896,26.401584235486816
Barrios de Jesús,2,32.416109631798165,38.34682110921919,24.16426720763589
La Alpujarra,50,38.315379531252994,45.13129360790041,33.59621904634344
Corazón de Jesús,90,41.5091477515634,45.95072673045475,34.63262222487774
Buenos Aires,0,39.72573968455904,42.729911640884445,36.09003614108188
Toscana,2,38.706746024775825,42.5905158941865,32.61881397378908
Los Pinos,23,37.85034310952361,40.941544128601834,34.357545831565915
Gerona,2,38.728988337448534,41.72471640323286,35.55489318556643
Santa Teresita,26,38.27105377066571,42.53344981668649,29.917240625169008
Francisco Antonio Zea,30,39.85536828490953,43.41262399723167,35.540626619107094
La Mota,22,36.89116259764513,41.00321707930495,31.739045399548264
La Hondonada,6,33.306262041490754,38.355589054775834,27.111343516367846
LLanaditas,0,29.83000977270168,35.45383874473125,23.14852084170858
Nuevos Conquistadores,0,38.051030168037485,41.68919885091247,31.83207489445442
La América,9,37.64828350088864,41.57372920915848,33.10803663848465
Loreto,6,34.27892924496639,42.08227102263843,22.9508701427346
Picachito,4,38.82220607953898,41.92266450201088,31.4749662183509
Miranda,2,39.783593029791454,42.20249616818021,36.15527582890287
U.D. Atanasio Girardot,35,39.22730212805179,50.15459410136084,32.748847309632325
Patio Bonito,50,36.12250932411531,41.37771317630097,32.64274005645042
Manrique Oriental,6,36.11888615857305,38.9877740605367,31.624616061069986
La Esperanza No.2,0,30.645150433214454,33.33570658680793,25.926330852421895
Pedregal,199,38.606492131929166,44.2420139288638,32.30197841015288
Prado,16,39.18247505400886,41.92712273036559,35.40241980433936
El Diamante No.2,35,31.480078896320528,36.99908087848295,27.414209769874127
Nueva Villa del Aburrá,38,37.04685710227142,39.86412477208986,34.72163938920094
Villa del Socorro,1,37.28519662567088,39.82920153666824,32.74052519224612
Trece de Noviembre,1,34.73614819907028,38.250224875932005,28.469337659258255
Doce de Octubre No.1,161,39.53468056058386,42.79842054445824,35.787021282325085
La Loma de Los Bernal,11,34.91627721156337,40.213060027061836,30.843078369627232
Juan Pablo II,5,32.85161728607307,35.64361303732847,25.52374752271996
Villa Flora,10,36.00989823253518,39.5446142287861,32.823152204023025
Tenche,10,43.99960646456526,47.018189194180124,37.982578994163156
Fátima,18,40.5099697665869,45.91892420900053,34.01485222468667
Oleoducto,1,37.91119412197955,42.45944216720026,31.679601456555716
Boyacá,2,38.75737553856702,41.88001345496054,34.245642897366274
Aldea Pablo VI,3,29.732886724219853,32.939364837229554,26.28165627776624
Villa Hermosa,2,35.0915869004965,39.65904349818828,26.74368340010298
Las Lomas No.1,20,33.028115494640176,38.24517207681303,28.75630285165125
Santa Cruz,3,38.92353592748828,41.11764634684784,34.38548443903788
Betania,14,35.19947615803841,43.12238945746222,28.52566077583435
Kennedy,1,40.25364296550434,43.26386575463615,34.49010560897208
Santa Fé,66,41.56770370419321,49.23648425573159,34.05081579138632
Terminal de Transporte,1,37.916394741731786,41.91434226638503,33.23792150107
Facultad de Minas,15,34.633828892040654,38.62457229814709,31.10715743785032
La Rosa,1,38.95028296215536,41.07246917620883,34.21280022512316
El Tesoro,41,30.624889544445,36.43154100172896,22.72052528496945
Monteclaro,0,32.80410550296219,38.74762110661049,26.991712801664207
La Mansión,5,36.89257597365746,39.113795020266664,32.91543862689031
La Florida,54,33.34800065744483,37.98287630910879,29.771306172207893
Diego Echavarría,32,37.821227031744854,42.03233830350461,32.992418354564805
Los Alcázares,21,36.76105064386321,41.276658661549774,33.91944493520892
Campo Valdés No.1,1,38.392888227251895,40.336108728866776,35.20655232979707
Alfonso López,32,39.42462406607644,43.155232215940494,32.469015582036796
Olaya Herrera,0,33.506367490817645,39.96815138566535,28.251476063686756
Facultad Veterinaria y Zootecnia U.de.A.,0,33.323899497714294,36.55354951463742,28.873109963525415
Astorga,8,37.94328387679639,41.79753523183299,34.37983736781252
Caribe,14,39.000991711038644,45.36505634480259,29.72360242193913
Aranjuez,8,38.41626099746962,41.500613179481164,33.384450519444655
Manrique Central No.2,5,36.97831398809555,39.44623462976436,32.73443225779427
San Antonio,1,33.00737348327806,37.34400375800868,25.87847852206609
El Rincón,14,37.64451486359593,42.51814291433638,30.29812709909861
Sin Nombre,5,34.33017073222184,40.59899908360014,24.758854108372134
Calasanz,29,37.10502932220747,40.4026858103656,31.968052766131134
Bermejal-Los Alamos,0,39.68317977142986,41.89829243809614,37.07903288503101
Jesús Nazareno,4,40.64075655824059,44.619630813061754,36.540025974828474
Ocho de Marzo,1,30.851531024652346,34.78167762272208,25.43963448158523
Belencito,64,36.0817039021227,40.12270537449434,31.33036909809572
Cerro Nutibara,18,35.073407216988336,40.661117906968,30.66430096046877
Simón Bolívar,10,37.81969790831109,41.32272767006923,33.78911425233018
Cucaracho,15,35.5412111530511,41.109472811478874,29.74738003666442
Universidad de Antioquia,10,37.353488887653334,43.778649271319225,32.4282964754573
San Javier No.2,4,39.322293367937846,41.25288115243251,36.69428272840398
Brasilia,17,39.02896591659494,40.875710087577296,34.611519719797066
Bolivariana,15,39.9883899617655,43.195356797882155,35.78033391880904
Berlin,2,36.50433278761496,40.00366907710303,31.471102244943545
El Velódromo,22,38.13676581977426,41.90958676319338,33.88006330490916
Santa Mónica,152,38.24384331390895,41.22657721987647,32.0200660161409
Belén,20,39.82772043436688,43.83363479269448,34.822099475711205
El Pomar,5,36.042082566477276,38.74227115780615,33.026747322194744
Oriente,0,26.983371479675185,31.36677840050019,21.637012971907506
La Isla,0,37.44694823855521,40.45648251783757,30.50677487050189
La Sierra,0,31.468314967677816,37.95553203962596,25.30246786618824
María Cano-Carambolas,0,26.76806515948333,34.01366342978729,20.048673871817275
La Pilarica,13,34.520857791610545,38.6432972048994,30.84248390915465
El Corazón,9,34.76590394514104,41.01020164516136,29.569940228937263
Calle Nueva,0,42.78511190899082,46.600744860197885,38.60064624252294
La Frontera,0,38.42144021917197,41.7018306410063,33.29008332194126
Tejelo,29,38.956828963591434,44.37561395376827,32.931785736402865
Lorena,13,38.35801675341691,41.347842558615,34.23003881034563
La Francia,0,37.33875078618006,41.40371975224144,32.6275819671752
Plaza de Ferias,6,36.30645628364739,40.8525270297924,31.305848436722172
Miraflores,18,37.01017694856048,40.937234379835274,30.660734298217577
Los Ángeles,0,38.30033085591771,41.01763214377465,35.105051939187774
Alejandría,1,33.5646825957431,38.095819571464006,30.024388271651258
Metropolitano,0,36.831057309693584,40.45618517585472,32.529351090692955
Cuarta Brigada,4,38.09156839731969,41.65769362234844,32.70367008514608
Las Acacias,5,37.90334872550991,40.963835460515476,33.55520282943489
Los Naranjos,11,31.51012563306157,41.6044913002552,23.209747956988597
Aures No.1,18,37.72529766440549,42.384691596671644,28.337818209085224
Cataluña,10,33.369459771219844,39.038895757727175,23.79140580367996
Carpinelo,0,27.955266616988478,32.822557706195255,20.285557587480916
Andalucía,0,36.99223777615013,40.04052425818997,32.83355482263631
La Castellana,10,36.50893964173273,41.36909385568022,28.197233626527705
Moravia,3,39.672920949664444,43.85146798887528,32.48952363288979
San Benito,41,40.72559006481955,46.23115286727285,31.7014471894264
Carlos E. Restrepo,55,38.04735084076585,42.707025647812934,32.97874630412833
Robledo,13,35.91920816863718,40.269383022644796,28.84338798400308
Juan XXIII La Quiebra,0,36.16753074854104,40.08198641987647,30.319378224587734
Veinte de Julio,3,38.91692081438065,44.31765619503313,33.061521901101415
Altamira,76,36.29173818941805,40.775398644794095,32.543320347486436
Hospital San Vicente de Paúl,0,38.514914131109315,40.515480496735755,37.03103200950239
Las Lomas No.2,17,31.74424907405712,36.011273191104806,27.7751824007783
Tricentenario,127,36.42641841006735,41.919840845774054,31.026908359535092
Villa Niza,0,39.015119219648504,41.357799509932505,33.97234993872327
Laureles,10,37.23942851613137,41.07187460774373,34.27670234395721
Santa Rosa de Lima,0,35.138553945137325,40.18556718559614,29.547054213512244
Santa Lucía,9,37.22447274155655,40.56392716255436,33.27076408528959
La Floresta,6,37.57756053400374,41.17188891361499,33.274479331402866
Las Mercedes,6,37.21360380825094,42.27977316534096,29.481071588469362
Boston,7,38.54298420145963,41.69321134029809,34.222162594009866
Nueva Villa de La Iguaná,0,36.05625966469484,38.31442423194975,33.79431571970154
Alejandro Echavarría,46,35.623886697511466,40.16134384265966,29.797312739604298
Picacho,26,38.808467894208874,43.44279173005776,31.920349080850908
Moscú No.2,1,34.317224288212294,38.989111550185996,28.77190686342181
Santo Domingo Savio No.1,2,33.446367002910236,38.59113513609505,26.64887045607976
El Danubio,1,37.956908613567805,40.673898242078394,33.752704920291286
La Avanzada,2,27.85165613279566,33.35918680838571,21.71607325613219
Perpetuo Socorro,34,43.054830492952966,48.76063634642496,33.92182269828679
San Lucas,32,30.460283474943527,35.70365126565516,23.35583121760298
Calasanz Parte Alta,16,35.71466005559038,40.09818485260702,28.742036255103194
Playón de Los Comuneros,0,37.612940277813024,41.637779889132155,30.632795790350304
El Chagualo,90,38.85224837591841,43.09905767164531,32.04146584151793
Cristo Rey,46,40.987714993131696,46.68827596095874,33.946937702404064
Los Conquistadores,31,38.09027089939925,43.23206332134725,33.46588852100418
Asomadera No.3,1,28.664184298600265,33.100011759630625,25.691379105713967
La Gloria,38,38.702189125779356,42.724710173669344,33.611080038886314
El Pesebre,0,36.19380147295616,40.30356318929181,30.228726345012753
Lalinde,2,33.53271521006733,37.90143827279129,31.447770680022533
Manrique Central No.1,5,38.518312755571856,40.49185160007899,35.36749651922896
Las Independencias,0,39.95536518928761,44.667631778756814,32.978151834742725
Parque Juan Pablo II,17,39.032471485041604,45.24869508064242,31.49636599395382
Moscú No.1,3,36.902931219150034,40.116760962918235,33.27507380947438
Bosques de San Pablo,8,36.15637705771431,42.94108581842563,31.06391202666781
Los Mangos,11,34.68688690026485,38.656077531692866,29.315669240496792
Los Cerros El Vergel,21,34.96374353465457,39.06757742320145,30.225754096369748
Miravalle,2,39.405466079898986,41.64699361815219,36.63260978461279
El Rodeo,15,34.08372754595023,41.02223909095026,30.642455383718175
La Milagrosa,1,38.0113346374222,41.27963082574602,34.45815460050697
El Castillo,8,32.18593671768624,37.56320280490916,26.904924749651855
San José La Cima No.1,0,26.664714529664632,32.591618474377135,22.4815610752034
El Raizal,0,34.19049495254615,37.650733795818205,25.863766228559587
Villa Guadalupe,5,35.26655194123877,38.90960556552523,30.887809759172907
El Poblado,6,36.82359668138178,40.44771447386849,32.17848388612433
Trinidad,20,42.81029802242092,48.11240146714294,38.150805034464604
La Palma,69,38.28458032501444,41.51190764941534,35.08840775129418
Naranjal,29,39.96560163961773,46.085812801989654,32.54822436569125
Doce de Octubre No.2,21,39.669890349188286,42.6982576940103,36.309086698076186
Granizal,1,34.37203698188632,38.800228925227174,28.059175383813702
San Bernardo,14,40.37178534798508,42.812835791347254,35.42679179873813
El Salvador,4,38.24821104100869,42.411589846495424,31.88914108380734
Sevilla,5,39.497613281961115,41.63302431612646,36.49440278193319
Santa Inés,4,33.89887270182662,38.27920377316833,27.115653173151337
El Progreso,8,41.987672194389454,46.71799787875681,36.03817143038342
Castropol,10,32.669514029785894,38.735880845633936,28.595507288049447
Belalcázar,2,37.17190099113693,40.39198593437246,32.53187731188521
Guayaquil,0,40.553050222164565,43.79544210509725,36.927599674789
Área de Expansión El Noral,0,31.932931934898292,36.3786360072839,28.951575751199915
Las Violetas,9,37.48780375880867,43.651439540831795,27.469789812665606
Santa María de Los Ángeles,44,34.83969496447923,40.62530289189879,29.094389558446434
La Pradera,4,38.81110829400881,42.8590533136167,33.52057684144406
San Diego,22,35.259053443454725,46.080611447521676,27.01771949715015
El Salado,7,36.87394049327693,42.76973889584496,29.468885708920702
Bello Horizonte,8,39.26459873223287,43.196248385232266,34.27432458579019
Villa Nueva,12,39.581002022688246,42.50120144009555,36.100884693048165
Batallón Cuarta Brigada,5,36.30602596170996,39.13950448240109,33.460687246455514
Los Balsos No.1,7,30.539174792581058,36.89252788543778,23.659143312621037
Villa Carlota,32,39.129074340177574,48.00584833438436,32.465597603706705
El Compromiso,0,31.485150627665536,35.61106761451725,26.920380145768526
Pajarito,1,35.173141361362326,39.95210152610991,28.8537906849911
La Libertad,5,36.26854912889735,41.21884951297598,30.712301795732436
San Martín de Porres,3,41.01680802188469,44.07007262751828,36.739014160811834
Las Brisas,7,37.37277695676076,42.108129185327805,31.701149984928687
Villa Lilliam,0,34.14898864153954,38.97677705208816,26.960950611558907
Santander,56,39.34875356932911,42.546230196660176,34.60839877602074
Las Playas,23,37.94893150198554,42.87153654732551,32.87992106804138
San Pablo,0,33.6087788522026,37.00532246566026,29.09334920725588
Las Esmeraldas,1,36.68089640629404,38.85833517030615,33.80531268432279
San Miguel,10,37.37282779212466,40.0509270152535,31.779467189848013
Barrio Caycedo,3,39.108650004165014,42.13933722871054,34.26451625970663
B. Cerro El Volador,1,36.29253183375485,42.87406281441706,30.9903502947096
Santa Margarita,0,35.29995907239074,41.469553809020056,27.322666322677065
Suramericana,31,38.655352999344565,44.10172640534267,33.67215854404766
San Pedro,3,39.889954172469444,41.85341243318022,37.04693321611967
Villa Turbay,0,30.40826375249981,35.8231334395007,24.08788192019512
Eduardo Santos,7,35.20493959303341,39.63318548509045,29.784829617166704
Asomadera No.1,10,32.19846667691991,39.42260573184445,23.512465626519205
Bomboná No.2,19,32.458926603209754,38.77006111374493,22.64993578353008
Popular,0,35.08057329678579,39.460352594535514,26.85112820268557
La Cruz,0,27.508868946651432,32.84217424130054,20.422575580809077
San Germán,7,34.074040129835595,40.3799485331488,26.7637457224894
Progreso No.2,11,40.348751223183584,43.10485358699942,36.720289376174016
Las Palmas,42,36.63790522858948,41.44681653283927,27.750513160140986
Barrio Cristóbal,7,37.53946897068292,41.16029733120884,31.966120777163738
Girardot,91,37.83713658360271,42.621426590164766,31.544366846305646
Los Balsos No.2,0,33.41033004162664,38.686542491597336,29.192769122412134
Los Colores,33,36.51856583358206,41.200867780691674,29.78319479615066
Palermo,1,37.61249595478558,40.53346220896571,31.554026413161527
San Joaquín,1,40.00414778714374,44.05268539016646,35.717471972379435
La Candelaria,5,39.72266941798661,43.87435387848168,35.22349378019406
Manila,8,38.388034139346885,42.05165749892623,35.007712745870855
Batallón Girardot,5,30.709755113607486,37.295259739136824,25.029620737759448
Villatina,4,35.125627023487766,40.60197124876149,27.25490037805432
Barrio Colón,14,40.330460796256936,45.378728409800885,34.81734396895722
Jardín Botánico,0,35.271163022941884,40.30757563255097,31.921389215076868
San Isidro,6,38.07917184278196,41.247233942458834,33.6705239115396
San José La Cima No.2,0,26.723891691814487,31.55075711198245,23.19696754407355
Antonio Nariño,8,38.49918353161922,43.65203390815729,31.600095368798847
Ferrini,4,36.47527174550709,39.74241350222658,32.375985903888
Córdoba,3,39.58629404001544,42.482922519578395,33.98230681873643
Estación Villa,0,41.970113047521465,44.57861451765328,37.18424848245374
Florencia,21,39.89191517227438,42.786234532108125,34.54360501293777
Cementerio Universal,11,37.979478430432216,42.70033833258069,35.21977867595154
Aures No.2,40,37.552264793170544,40.7988789675378,32.94649812043098
Blanquizal,0,35.793084574463684,39.88968550842054,30.64617065923873
La Ladera,6,30.118148241947715,37.52486159122837,23.627638081417103
Asomadera No.2,5,29.56575638786565,35.37908808054477,24.631941538157918
Parque Norte,34,34.87039375753805,40.55411891780955,28.487616647631004
Sucre,2,37.078409883814686,40.86560453916994,31.609903675338842
La Salle,2,34.21463279561286,38.37267909847319,26.163660220294258
La piñuela,0,36.58870569362801,39.44251942688224,33.114724140678085
Lopez de  Mesa,22,37.217666088480925,40.02997298158587,32.6806356331369
La Colina,16,38.53282486186402,44.69453003742274,28.896144319421293
San Javier No.1,6,39.23901333743732,41.41040732179349,35.27416975943488
Héctor Abad Gómez,2,37.14744055509151,41.86871919255266,31.592664940226744
Castilla,0,40.61422207000772,43.39033255576428,36.09746664311568
Florida Nueva,17,39.76657044995746,43.024307179403884,35.17801927901156
Estadio,22,38.39846971227794,42.00113020381922,31.608120355503587
El Socorro,0,37.83752516496513,42.84151736583179,28.951872959487105
Versalles No.2,0,28.573619542525247,31.823009742838845,24.47114599899607
Bomboná No.1,5,38.658544097072564,42.24737624922599,34.796984363076184
Centro Administrativo,0,38.204282156758474,41.99087627684784,35.509567232083064
Campo Valdés No.2,5,37.10004104404686,39.5529362793954,32.389360788105066
Granada,0,40.34919496626053,42.685180105451366,36.957470298634526
Los Alpes,0,37.36200302122813,41.12671156627635,30.094383334233633
Facultad de Minas U. Nacional,7,33.624882742774496,35.79504625811568,32.28459107624789
Campo Alegre,57,36.75495904810898,40.643284716804956,31.827170818683786
Altavista,3,38.314195679866046,43.20412465816875,30.850508702086042
Guayabal,35,42.20338162096052,46.90702923902856,33.052605363734735
